split,class,filename,best_confidence_found,full_path
train,aggressive,2IYGWgffTaQ_frame00003.jpg,none,D:\Projectzz\canine-cue\data\raw_video_frames_split\train\aggressive\2IYGWgffTaQ_frame00003.jpg
train,aggressive,2IYGWgffTaQ_frame00008.jpg,none,D:\Projectzz\canine-cue\data\raw_video_frames_split\train\aggressive\2IYGWgffTaQ_frame00008.jpg
train,aggressive,2IYGWgffTaQ_frame00010.jpg,none,D:\Projectzz\canine-cue\data\raw_video_frames_split\train\aggressive\2IYGWgffTaQ_frame00010.jpg
train,aggressive,2IYGWgffTaQ_frame00013.jpg,none,D:\Projectzz\canine-cue\data\raw_video_frames_split\train\aggressive\2IYGWgffTaQ_frame00013.jpg
train,aggressive,2IYGWgffTaQ_frame00014.jpg,none,D:\Projectzz\canine-cue\data\raw_video_frames_split\train\aggressive\2IYGWgffTaQ_frame00014.jpg
train,aggressive,2IYGWgffTaQ_frame00015.jpg,none,D:\Projectzz\canine-cue\data\raw_video_frames_split\train\aggressive\2IYGWgffTaQ_frame00015.jpg
train,aggressive,2IYGWgffTaQ_frame00017.jpg,none,D:\Projectzz\canine-cue\data\raw_video_frames_split\train\aggressive\2IYGWgffTaQ_frame00017.jpg
train,aggressive,2IYGWgffTaQ_frame00018.jpg,none,D:\Projectzz\canine-cue\data\raw_video_frames_split\train\aggressive\2IYGWgffTaQ_frame00018.jpg
train,aggressive,2IYGWgffTaQ_frame00019.jpg,none,D:\Projectzz\canine-cue\data\raw_video_frames_split\train\aggressive\2IYGWgffTaQ_frame00019.jpg
train,aggressive,2IYGWgffTaQ_frame00021.jpg,none,D:\Projectzz\canine-cue\data\raw_video_frames_split\train\aggressive\2IYGWgffTaQ_frame00021.jpg
train,aggressive,2IYGWgffTaQ_frame00022.jpg,none,D:\Projectzz\canine-cue\data\raw_video_frames_split\train\aggressive\2IYGWgffTaQ_frame00022.jpg
train,aggressive,2IYGWgffTaQ_frame00024.jpg,none,D:\Projectzz\canine-cue\data\raw_video_frames_split\train\aggressive\2IYGWgffTaQ_frame00024.jpg
train,aggressive,2IYGWgffTaQ_frame00026.jpg,none,D:\Projectzz\canine-cue\data\raw_video_frames_split\train\aggressive\2IYGWgffTaQ_frame00026.jpg
train,aggressive,2IYGWgffTaQ_frame00029.jpg,none,D:\Projectzz\canine-cue\data\raw_video_frames_split\train\aggressive\2IYGWgffTaQ_frame00029.jpg
train,aggressive,2IYGWgffTaQ_frame00030.jpg,none,D:\Projectzz\canine-cue\data\raw_video_frames_split\train\aggressive\2IYGWgffTaQ_frame00030.jpg
train,aggressive,2IYGWgffTaQ_frame00031.jpg,none,D:\Projectzz\canine-cue\data\raw_video_frames_split\train\aggressive\2IYGWgffTaQ_frame00031.jpg
train,aggressive,2IYGWgffTaQ_frame00032.jpg,none,D:\Projectzz\canine-cue\data\raw_video_frames_split\train\aggressive\2IYGWgffTaQ_frame00032.jpg
train,aggressive,8qIdKW0Y2nA_frame00000.jpg,none,D:\Projectzz\canine-cue\data\raw_video_frames_split\train\aggressive\8qIdKW0Y2nA_frame00000.jpg
train,aggressive,8qIdKW0Y2nA_frame00002.jpg,none,D:\Projectzz\canine-cue\data\raw_video_frames_split\train\aggressive\8qIdKW0Y2nA_frame00002.jpg
train,aggressive,8qIdKW0Y2nA_frame00005.jpg,none,D:\Projectzz\canine-cue\data\raw_video_frames_split\train\aggressive\8qIdKW0Y2nA_frame00005.jpg
train,aggressive,8qIdKW0Y2nA_frame00006.jpg,none,D:\Projectzz\canine-cue\data\raw_video_frames_split\train\aggressive\8qIdKW0Y2nA_frame00006.jpg
train,aggressive,8qIdKW0Y2nA_frame00007.jpg,none,D:\Projectzz\canine-cue\data\raw_video_frames_split\train\aggressive\8qIdKW0Y2nA_frame00007.jpg
train,aggressive,8qIdKW0Y2nA_frame00008.jpg,none,D:\Projectzz\canine-cue\data\raw_video_frames_split\train\aggressive\8qIdKW0Y2nA_frame00008.jpg
train,aggressive,8qIdKW0Y2nA_frame00012.jpg,none,D:\Projectzz\canine-cue\data\raw_video_frames_split\train\aggressive\8qIdKW0Y2nA_frame00012.jpg
train,aggressive,EVoSaj1QLGs_frame00000.jpg,none,D:\Projectzz\canine-cue\data\raw_video_frames_split\train\aggressive\EVoSaj1QLGs_frame00000.jpg
train,aggressive,EVoSaj1QLGs_frame00001.jpg,none,D:\Projectzz\canine-cue\data\raw_video_frames_split\train\aggressive\EVoSaj1QLGs_frame00001.jpg
train,aggressive,EVoSaj1QLGs_frame00002.jpg,none,D:\Projectzz\canine-cue\data\raw_video_frames_split\train\aggressive\EVoSaj1QLGs_frame00002.jpg
train,aggressive,EVoSaj1QLGs_frame00003.jpg,none,D:\Projectzz\canine-cue\data\raw_video_frames_split\train\aggressive\EVoSaj1QLGs_frame00003.jpg
train,aggressive,EVoSaj1QLGs_frame00010.jpg,none,D:\Projectzz\canine-cue\data\raw_video_frames_split\train\aggressive\EVoSaj1QLGs_frame00010.jpg
train,aggressive,EVoSaj1QLGs_frame00013.jpg,none,D:\Projectzz\canine-cue\data\raw_video_frames_split\train\aggressive\EVoSaj1QLGs_frame00013.jpg
train,aggressive,EVoSaj1QLGs_frame00014.jpg,none,D:\Projectzz\canine-cue\data\raw_video_frames_split\train\aggressive\EVoSaj1QLGs_frame00014.jpg
train,aggressive,GzKg76wlS3w_frame00007.jpg,none,D:\Projectzz\canine-cue\data\raw_video_frames_split\train\aggressive\GzKg76wlS3w_frame00007.jpg
train,aggressive,GzKg76wlS3w_frame00010.jpg,none,D:\Projectzz\canine-cue\data\raw_video_frames_split\train\aggressive\GzKg76wlS3w_frame00010.jpg
train,aggressive,GzKg76wlS3w_frame00012.jpg,none,D:\Projectzz\canine-cue\data\raw_video_frames_split\train\aggressive\GzKg76wlS3w_frame00012.jpg
train,aggressive,GzKg76wlS3w_frame00015.jpg,none,D:\Projectzz\canine-cue\data\raw_video_frames_split\train\aggressive\GzKg76wlS3w_frame00015.jpg
train,aggressive,GzKg76wlS3w_frame00019.jpg,none,D:\Projectzz\canine-cue\data\raw_video_frames_split\train\aggressive\GzKg76wlS3w_frame00019.jpg
train,aggressive,GzKg76wlS3w_frame00020.jpg,none,D:\Projectzz\canine-cue\data\raw_video_frames_split\train\aggressive\GzKg76wlS3w_frame00020.jpg
train,aggressive,GzKg76wlS3w_frame00021.jpg,none,D:\Projectzz\canine-cue\data\raw_video_frames_split\train\aggressive\GzKg76wlS3w_frame00021.jpg
train,aggressive,GzKg76wlS3w_frame00022.jpg,none,D:\Projectzz\canine-cue\data\raw_video_frames_split\train\aggressive\GzKg76wlS3w_frame00022.jpg
train,aggressive,GzKg76wlS3w_frame00023.jpg,none,D:\Projectzz\canine-cue\data\raw_video_frames_split\train\aggressive\GzKg76wlS3w_frame00023.jpg
train,aggressive,GzKg76wlS3w_frame00024.jpg,none,D:\Projectzz\canine-cue\data\raw_video_frames_split\train\aggressive\GzKg76wlS3w_frame00024.jpg
train,aggressive,GzKg76wlS3w_frame00025.jpg,none,D:\Projectzz\canine-cue\data\raw_video_frames_split\train\aggressive\GzKg76wlS3w_frame00025.jpg
train,aggressive,GzKg76wlS3w_frame00031.jpg,none,D:\Projectzz\canine-cue\data\raw_video_frames_split\train\aggressive\GzKg76wlS3w_frame00031.jpg
train,aggressive,GzKg76wlS3w_frame00033.jpg,none,D:\Projectzz\canine-cue\data\raw_video_frames_split\train\aggressive\GzKg76wlS3w_frame00033.jpg
train,aggressive,GzKg76wlS3w_frame00035.jpg,none,D:\Projectzz\canine-cue\data\raw_video_frames_split\train\aggressive\GzKg76wlS3w_frame00035.jpg
train,aggressive,GzKg76wlS3w_frame00036.jpg,none,D:\Projectzz\canine-cue\data\raw_video_frames_split\train\aggressive\GzKg76wlS3w_frame00036.jpg
train,aggressive,lvEIbX12c4I_frame00000.jpg,none,D:\Projectzz\canine-cue\data\raw_video_frames_split\train\aggressive\lvEIbX12c4I_frame00000.jpg
train,aggressive,lvEIbX12c4I_frame00006.jpg,none,D:\Projectzz\canine-cue\data\raw_video_frames_split\train\aggressive\lvEIbX12c4I_frame00006.jpg
train,aggressive,lvEIbX12c4I_frame00007.jpg,none,D:\Projectzz\canine-cue\data\raw_video_frames_split\train\aggressive\lvEIbX12c4I_frame00007.jpg
train,aggressive,lvEIbX12c4I_frame00008.jpg,none,D:\Projectzz\canine-cue\data\raw_video_frames_split\train\aggressive\lvEIbX12c4I_frame00008.jpg
train,aggressive,lvEIbX12c4I_frame00012.jpg,none,D:\Projectzz\canine-cue\data\raw_video_frames_split\train\aggressive\lvEIbX12c4I_frame00012.jpg
train,aggressive,lvEIbX12c4I_frame00013.jpg,none,D:\Projectzz\canine-cue\data\raw_video_frames_split\train\aggressive\lvEIbX12c4I_frame00013.jpg
train,aggressive,NH0cnIfZq5M_frame00006.jpg,none,D:\Projectzz\canine-cue\data\raw_video_frames_split\train\aggressive\NH0cnIfZq5M_frame00006.jpg
train,aggressive,NH0cnIfZq5M_frame00010.jpg,none,D:\Projectzz\canine-cue\data\raw_video_frames_split\train\aggressive\NH0cnIfZq5M_frame00010.jpg
train,aggressive,S6s2woTMQ3k_frame00001.jpg,none,D:\Projectzz\canine-cue\data\raw_video_frames_split\train\aggressive\S6s2woTMQ3k_frame00001.jpg
train,aggressive,S6s2woTMQ3k_frame00003.jpg,none,D:\Projectzz\canine-cue\data\raw_video_frames_split\train\aggressive\S6s2woTMQ3k_frame00003.jpg
train,aggressive,S6s2woTMQ3k_frame00006.jpg,none,D:\Projectzz\canine-cue\data\raw_video_frames_split\train\aggressive\S6s2woTMQ3k_frame00006.jpg
train,aggressive,S6s2woTMQ3k_frame00007.jpg,none,D:\Projectzz\canine-cue\data\raw_video_frames_split\train\aggressive\S6s2woTMQ3k_frame00007.jpg
train,aggressive,TgompGOefXI_frame00000.jpg,none,D:\Projectzz\canine-cue\data\raw_video_frames_split\train\aggressive\TgompGOefXI_frame00000.jpg
train,aggressive,TgompGOefXI_frame00001.jpg,none,D:\Projectzz\canine-cue\data\raw_video_frames_split\train\aggressive\TgompGOefXI_frame00001.jpg
train,aggressive,TgompGOefXI_frame00002.jpg,none,D:\Projectzz\canine-cue\data\raw_video_frames_split\train\aggressive\TgompGOefXI_frame00002.jpg
train,aggressive,TgompGOefXI_frame00003.jpg,none,D:\Projectzz\canine-cue\data\raw_video_frames_split\train\aggressive\TgompGOefXI_frame00003.jpg
train,aggressive,TgompGOefXI_frame00004.jpg,none,D:\Projectzz\canine-cue\data\raw_video_frames_split\train\aggressive\TgompGOefXI_frame00004.jpg
train,aggressive,TgompGOefXI_frame00005.jpg,none,D:\Projectzz\canine-cue\data\raw_video_frames_split\train\aggressive\TgompGOefXI_frame00005.jpg
train,aggressive,TgompGOefXI_frame00006.jpg,none,D:\Projectzz\canine-cue\data\raw_video_frames_split\train\aggressive\TgompGOefXI_frame00006.jpg
train,aggressive,TgompGOefXI_frame00011.jpg,none,D:\Projectzz\canine-cue\data\raw_video_frames_split\train\aggressive\TgompGOefXI_frame00011.jpg
train,aggressive,TgompGOefXI_frame00014.jpg,none,D:\Projectzz\canine-cue\data\raw_video_frames_split\train\aggressive\TgompGOefXI_frame00014.jpg
train,aggressive,TgompGOefXI_frame00015.jpg,none,D:\Projectzz\canine-cue\data\raw_video_frames_split\train\aggressive\TgompGOefXI_frame00015.jpg
train,aggressive,TgompGOefXI_frame00016.jpg,none,D:\Projectzz\canine-cue\data\raw_video_frames_split\train\aggressive\TgompGOefXI_frame00016.jpg
train,aggressive,TgompGOefXI_frame00020.jpg,none,D:\Projectzz\canine-cue\data\raw_video_frames_split\train\aggressive\TgompGOefXI_frame00020.jpg
train,aggressive,TgompGOefXI_frame00023.jpg,none,D:\Projectzz\canine-cue\data\raw_video_frames_split\train\aggressive\TgompGOefXI_frame00023.jpg
train,aggressive,TgompGOefXI_frame00025.jpg,none,D:\Projectzz\canine-cue\data\raw_video_frames_split\train\aggressive\TgompGOefXI_frame00025.jpg
train,aggressive,TgompGOefXI_frame00030.jpg,none,D:\Projectzz\canine-cue\data\raw_video_frames_split\train\aggressive\TgompGOefXI_frame00030.jpg
train,aggressive,TgompGOefXI_frame00031.jpg,none,D:\Projectzz\canine-cue\data\raw_video_frames_split\train\aggressive\TgompGOefXI_frame00031.jpg
train,aggressive,TgompGOefXI_frame00045.jpg,none,D:\Projectzz\canine-cue\data\raw_video_frames_split\train\aggressive\TgompGOefXI_frame00045.jpg
train,aggressive,TgompGOefXI_frame00068.jpg,none,D:\Projectzz\canine-cue\data\raw_video_frames_split\train\aggressive\TgompGOefXI_frame00068.jpg
train,aggressive,TgompGOefXI_frame00085.jpg,none,D:\Projectzz\canine-cue\data\raw_video_frames_split\train\aggressive\TgompGOefXI_frame00085.jpg
train,aggressive,TgompGOefXI_frame00122.jpg,none,D:\Projectzz\canine-cue\data\raw_video_frames_split\train\aggressive\TgompGOefXI_frame00122.jpg
train,aggressive,TgompGOefXI_frame00123.jpg,none,D:\Projectzz\canine-cue\data\raw_video_frames_split\train\aggressive\TgompGOefXI_frame00123.jpg
train,aggressive,TgompGOefXI_frame00125.jpg,none,D:\Projectzz\canine-cue\data\raw_video_frames_split\train\aggressive\TgompGOefXI_frame00125.jpg
train,aggressive,TgompGOefXI_frame00127.jpg,none,D:\Projectzz\canine-cue\data\raw_video_frames_split\train\aggressive\TgompGOefXI_frame00127.jpg
train,aggressive,TgompGOefXI_frame00136.jpg,none,D:\Projectzz\canine-cue\data\raw_video_frames_split\train\aggressive\TgompGOefXI_frame00136.jpg
train,aggressive,TgompGOefXI_frame00138.jpg,none,D:\Projectzz\canine-cue\data\raw_video_frames_split\train\aggressive\TgompGOefXI_frame00138.jpg
train,aggressive,TgompGOefXI_frame00139.jpg,none,D:\Projectzz\canine-cue\data\raw_video_frames_split\train\aggressive\TgompGOefXI_frame00139.jpg
train,aggressive,TgompGOefXI_frame00141.jpg,none,D:\Projectzz\canine-cue\data\raw_video_frames_split\train\aggressive\TgompGOefXI_frame00141.jpg
train,aggressive,TgompGOefXI_frame00143.jpg,none,D:\Projectzz\canine-cue\data\raw_video_frames_split\train\aggressive\TgompGOefXI_frame00143.jpg
train,aggressive,TgompGOefXI_frame00150.jpg,none,D:\Projectzz\canine-cue\data\raw_video_frames_split\train\aggressive\TgompGOefXI_frame00150.jpg
train,aggressive,TgompGOefXI_frame00157.jpg,none,D:\Projectzz\canine-cue\data\raw_video_frames_split\train\aggressive\TgompGOefXI_frame00157.jpg
train,aggressive,TgompGOefXI_frame00158.jpg,none,D:\Projectzz\canine-cue\data\raw_video_frames_split\train\aggressive\TgompGOefXI_frame00158.jpg
train,aggressive,TgompGOefXI_frame00159.jpg,none,D:\Projectzz\canine-cue\data\raw_video_frames_split\train\aggressive\TgompGOefXI_frame00159.jpg
train,aggressive,TgompGOefXI_frame00166.jpg,none,D:\Projectzz\canine-cue\data\raw_video_frames_split\train\aggressive\TgompGOefXI_frame00166.jpg
train,aggressive,TgompGOefXI_frame00167.jpg,none,D:\Projectzz\canine-cue\data\raw_video_frames_split\train\aggressive\TgompGOefXI_frame00167.jpg
train,aggressive,TgompGOefXI_frame00170.jpg,none,D:\Projectzz\canine-cue\data\raw_video_frames_split\train\aggressive\TgompGOefXI_frame00170.jpg
train,aggressive,TgompGOefXI_frame00172.jpg,none,D:\Projectzz\canine-cue\data\raw_video_frames_split\train\aggressive\TgompGOefXI_frame00172.jpg
train,aggressive,TgompGOefXI_frame00173.jpg,none,D:\Projectzz\canine-cue\data\raw_video_frames_split\train\aggressive\TgompGOefXI_frame00173.jpg
train,aggressive,TgompGOefXI_frame00174.jpg,none,D:\Projectzz\canine-cue\data\raw_video_frames_split\train\aggressive\TgompGOefXI_frame00174.jpg
train,aggressive,TgompGOefXI_frame00175.jpg,none,D:\Projectzz\canine-cue\data\raw_video_frames_split\train\aggressive\TgompGOefXI_frame00175.jpg
train,aggressive,TgompGOefXI_frame00177.jpg,none,D:\Projectzz\canine-cue\data\raw_video_frames_split\train\aggressive\TgompGOefXI_frame00177.jpg
train,aggressive,TgompGOefXI_frame00178.jpg,none,D:\Projectzz\canine-cue\data\raw_video_frames_split\train\aggressive\TgompGOefXI_frame00178.jpg
train,aggressive,TgompGOefXI_frame00179.jpg,none,D:\Projectzz\canine-cue\data\raw_video_frames_split\train\aggressive\TgompGOefXI_frame00179.jpg
train,aggressive,TgompGOefXI_frame00180.jpg,none,D:\Projectzz\canine-cue\data\raw_video_frames_split\train\aggressive\TgompGOefXI_frame00180.jpg
train,aggressive,vYLzvq0XQ-E_frame00000.jpg,none,D:\Projectzz\canine-cue\data\raw_video_frames_split\train\aggressive\vYLzvq0XQ-E_frame00000.jpg
train,aggressive,vYLzvq0XQ-E_frame00002.jpg,none,D:\Projectzz\canine-cue\data\raw_video_frames_split\train\aggressive\vYLzvq0XQ-E_frame00002.jpg
train,aggressive,vYLzvq0XQ-E_frame00004.jpg,none,D:\Projectzz\canine-cue\data\raw_video_frames_split\train\aggressive\vYLzvq0XQ-E_frame00004.jpg
train,aggressive,vYLzvq0XQ-E_frame00007.jpg,none,D:\Projectzz\canine-cue\data\raw_video_frames_split\train\aggressive\vYLzvq0XQ-E_frame00007.jpg
val,aggressive,2IYGWgffTaQ_frame00004.jpg,none,D:\Projectzz\canine-cue\data\raw_video_frames_split\val\aggressive\2IYGWgffTaQ_frame00004.jpg
val,aggressive,2IYGWgffTaQ_frame00011.jpg,none,D:\Projectzz\canine-cue\data\raw_video_frames_split\val\aggressive\2IYGWgffTaQ_frame00011.jpg
val,aggressive,2IYGWgffTaQ_frame00027.jpg,none,D:\Projectzz\canine-cue\data\raw_video_frames_split\val\aggressive\2IYGWgffTaQ_frame00027.jpg
val,aggressive,8qIdKW0Y2nA_frame00010.jpg,none,D:\Projectzz\canine-cue\data\raw_video_frames_split\val\aggressive\8qIdKW0Y2nA_frame00010.jpg
val,aggressive,EVoSaj1QLGs_frame00012.jpg,none,D:\Projectzz\canine-cue\data\raw_video_frames_split\val\aggressive\EVoSaj1QLGs_frame00012.jpg
val,aggressive,GzKg76wlS3w_frame00008.jpg,none,D:\Projectzz\canine-cue\data\raw_video_frames_split\val\aggressive\GzKg76wlS3w_frame00008.jpg
val,aggressive,GzKg76wlS3w_frame00009.jpg,none,D:\Projectzz\canine-cue\data\raw_video_frames_split\val\aggressive\GzKg76wlS3w_frame00009.jpg
val,aggressive,GzKg76wlS3w_frame00018.jpg,none,D:\Projectzz\canine-cue\data\raw_video_frames_split\val\aggressive\GzKg76wlS3w_frame00018.jpg
val,aggressive,GzKg76wlS3w_frame00026.jpg,none,D:\Projectzz\canine-cue\data\raw_video_frames_split\val\aggressive\GzKg76wlS3w_frame00026.jpg
val,aggressive,GzKg76wlS3w_frame00028.jpg,none,D:\Projectzz\canine-cue\data\raw_video_frames_split\val\aggressive\GzKg76wlS3w_frame00028.jpg
val,aggressive,GzKg76wlS3w_frame00029.jpg,none,D:\Projectzz\canine-cue\data\raw_video_frames_split\val\aggressive\GzKg76wlS3w_frame00029.jpg
val,aggressive,GzKg76wlS3w_frame00030.jpg,none,D:\Projectzz\canine-cue\data\raw_video_frames_split\val\aggressive\GzKg76wlS3w_frame00030.jpg
val,aggressive,lvEIbX12c4I_frame00003.jpg,none,D:\Projectzz\canine-cue\data\raw_video_frames_split\val\aggressive\lvEIbX12c4I_frame00003.jpg
val,aggressive,S6s2woTMQ3k_frame00000.jpg,none,D:\Projectzz\canine-cue\data\raw_video_frames_split\val\aggressive\S6s2woTMQ3k_frame00000.jpg
val,aggressive,S6s2woTMQ3k_frame00005.jpg,none,D:\Projectzz\canine-cue\data\raw_video_frames_split\val\aggressive\S6s2woTMQ3k_frame00005.jpg
val,aggressive,TgompGOefXI_frame00007.jpg,none,D:\Projectzz\canine-cue\data\raw_video_frames_split\val\aggressive\TgompGOefXI_frame00007.jpg
val,aggressive,TgompGOefXI_frame00024.jpg,none,D:\Projectzz\canine-cue\data\raw_video_frames_split\val\aggressive\TgompGOefXI_frame00024.jpg
val,aggressive,TgompGOefXI_frame00078.jpg,none,D:\Projectzz\canine-cue\data\raw_video_frames_split\val\aggressive\TgompGOefXI_frame00078.jpg
val,aggressive,TgompGOefXI_frame00140.jpg,none,D:\Projectzz\canine-cue\data\raw_video_frames_split\val\aggressive\TgompGOefXI_frame00140.jpg
val,aggressive,TgompGOefXI_frame00142.jpg,none,D:\Projectzz\canine-cue\data\raw_video_frames_split\val\aggressive\TgompGOefXI_frame00142.jpg
val,aggressive,TgompGOefXI_frame00145.jpg,none,D:\Projectzz\canine-cue\data\raw_video_frames_split\val\aggressive\TgompGOefXI_frame00145.jpg
val,aggressive,TgompGOefXI_frame00165.jpg,none,D:\Projectzz\canine-cue\data\raw_video_frames_split\val\aggressive\TgompGOefXI_frame00165.jpg
val,aggressive,TgompGOefXI_frame00169.jpg,none,D:\Projectzz\canine-cue\data\raw_video_frames_split\val\aggressive\TgompGOefXI_frame00169.jpg
val,aggressive,TgompGOefXI_frame00176.jpg,none,D:\Projectzz\canine-cue\data\raw_video_frames_split\val\aggressive\TgompGOefXI_frame00176.jpg
val,aggressive,vYLzvq0XQ-E_frame00005.jpg,none,D:\Projectzz\canine-cue\data\raw_video_frames_split\val\aggressive\vYLzvq0XQ-E_frame00005.jpg
val,aggressive,vYLzvq0XQ-E_frame00011.jpg,none,D:\Projectzz\canine-cue\data\raw_video_frames_split\val\aggressive\vYLzvq0XQ-E_frame00011.jpg
val,aggressive,vYLzvq0XQ-E_frame00016.jpg,none,D:\Projectzz\canine-cue\data\raw_video_frames_split\val\aggressive\vYLzvq0XQ-E_frame00016.jpg
test,aggressive,24jrTJJeR78_frame00000.jpg,none,D:\Projectzz\canine-cue\data\raw_video_frames_split\test\aggressive\24jrTJJeR78_frame00000.jpg
test,aggressive,24jrTJJeR78_frame00003.jpg,none,D:\Projectzz\canine-cue\data\raw_video_frames_split\test\aggressive\24jrTJJeR78_frame00003.jpg
test,aggressive,2IYGWgffTaQ_frame00016.jpg,none,D:\Projectzz\canine-cue\data\raw_video_frames_split\test\aggressive\2IYGWgffTaQ_frame00016.jpg
test,aggressive,2IYGWgffTaQ_frame00020.jpg,none,D:\Projectzz\canine-cue\data\raw_video_frames_split\test\aggressive\2IYGWgffTaQ_frame00020.jpg
test,aggressive,2IYGWgffTaQ_frame00023.jpg,none,D:\Projectzz\canine-cue\data\raw_video_frames_split\test\aggressive\2IYGWgffTaQ_frame00023.jpg
test,aggressive,2IYGWgffTaQ_frame00028.jpg,none,D:\Projectzz\canine-cue\data\raw_video_frames_split\test\aggressive\2IYGWgffTaQ_frame00028.jpg
test,aggressive,8qIdKW0Y2nA_frame00003.jpg,none,D:\Projectzz\canine-cue\data\raw_video_frames_split\test\aggressive\8qIdKW0Y2nA_frame00003.jpg
test,aggressive,8qIdKW0Y2nA_frame00011.jpg,none,D:\Projectzz\canine-cue\data\raw_video_frames_split\test\aggressive\8qIdKW0Y2nA_frame00011.jpg
test,aggressive,EVoSaj1QLGs_frame00004.jpg,none,D:\Projectzz\canine-cue\data\raw_video_frames_split\test\aggressive\EVoSaj1QLGs_frame00004.jpg
test,aggressive,GzKg76wlS3w_frame00011.jpg,none,D:\Projectzz\canine-cue\data\raw_video_frames_split\test\aggressive\GzKg76wlS3w_frame00011.jpg
test,aggressive,GzKg76wlS3w_frame00017.jpg,none,D:\Projectzz\canine-cue\data\raw_video_frames_split\test\aggressive\GzKg76wlS3w_frame00017.jpg
test,aggressive,GzKg76wlS3w_frame00027.jpg,none,D:\Projectzz\canine-cue\data\raw_video_frames_split\test\aggressive\GzKg76wlS3w_frame00027.jpg
test,aggressive,GzKg76wlS3w_frame00032.jpg,none,D:\Projectzz\canine-cue\data\raw_video_frames_split\test\aggressive\GzKg76wlS3w_frame00032.jpg
test,aggressive,GzKg76wlS3w_frame00034.jpg,none,D:\Projectzz\canine-cue\data\raw_video_frames_split\test\aggressive\GzKg76wlS3w_frame00034.jpg
test,aggressive,lvEIbX12c4I_frame00005.jpg,none,D:\Projectzz\canine-cue\data\raw_video_frames_split\test\aggressive\lvEIbX12c4I_frame00005.jpg
test,aggressive,NH0cnIfZq5M_frame00011.jpg,none,D:\Projectzz\canine-cue\data\raw_video_frames_split\test\aggressive\NH0cnIfZq5M_frame00011.jpg
test,aggressive,S6s2woTMQ3k_frame00002.jpg,none,D:\Projectzz\canine-cue\data\raw_video_frames_split\test\aggressive\S6s2woTMQ3k_frame00002.jpg
test,aggressive,TgompGOefXI_frame00021.jpg,none,D:\Projectzz\canine-cue\data\raw_video_frames_split\test\aggressive\TgompGOefXI_frame00021.jpg
test,aggressive,TgompGOefXI_frame00034.jpg,none,D:\Projectzz\canine-cue\data\raw_video_frames_split\test\aggressive\TgompGOefXI_frame00034.jpg
test,aggressive,TgompGOefXI_frame00126.jpg,none,D:\Projectzz\canine-cue\data\raw_video_frames_split\test\aggressive\TgompGOefXI_frame00126.jpg
test,aggressive,TgompGOefXI_frame00137.jpg,none,D:\Projectzz\canine-cue\data\raw_video_frames_split\test\aggressive\TgompGOefXI_frame00137.jpg
test,aggressive,TgompGOefXI_frame00164.jpg,none,D:\Projectzz\canine-cue\data\raw_video_frames_split\test\aggressive\TgompGOefXI_frame00164.jpg
test,aggressive,TgompGOefXI_frame00168.jpg,none,D:\Projectzz\canine-cue\data\raw_video_frames_split\test\aggressive\TgompGOefXI_frame00168.jpg
test,aggressive,TgompGOefXI_frame00171.jpg,none,D:\Projectzz\canine-cue\data\raw_video_frames_split\test\aggressive\TgompGOefXI_frame00171.jpg
test,aggressive,vYLzvq0XQ-E_frame00001.jpg,none,D:\Projectzz\canine-cue\data\raw_video_frames_split\test\aggressive\vYLzvq0XQ-E_frame00001.jpg
test,aggressive,vYLzvq0XQ-E_frame00003.jpg,none,D:\Projectzz\canine-cue\data\raw_video_frames_split\test\aggressive\vYLzvq0XQ-E_frame00003.jpg
test,aggressive,vYLzvq0XQ-E_frame00006.jpg,none,D:\Projectzz\canine-cue\data\raw_video_frames_split\test\aggressive\vYLzvq0XQ-E_frame00006.jpg
